jem special handling	RUN_ID	SAMPLE_ID	SAMPLE_ANNO	SAMPLE_TYPE	LIB_PREP	SEQ_PLATFORM	LANE	SEQBC_ID	PATH_TO_CONCORDANCE_DATA_DIR	R1_FQ	R2_FQ	STAGE_DIRECTIVE	STAGE_TARGET	SUBSAMPLE_PCT	IS_POS_CTRL	IS_NEG_CTRL	N_X	N_Y
x	R2	H37021_20250314	normal	tissue	wes	ILMN	1	S5	na	s3://rcrf-h37-data/H37021/sequencing/Personalis_20250314_WGS_WES_WTS/IIDN_Dx_WES/Normal_DNA/DNA_27-8186805_ACE4_GTATCGAG-ACCAGCTT_L005_R1_001.fastq.gz	s3://rcrf-h37-data/H37021/sequencing/Personalis_20250314_WGS_WES_WTS/IIDN_Dx_WES/Normal_DNA/DNA_27-8186805_ACE4_GTATCGAG-ACCAGCTT_L005_R2_001.fastq.gz		/fsx/staged_sample_data/	na	FALSE	FALSE	1	1
x	R2	H37021_20250314	normal	tissue	wes	ILMN	2	S5	na	s3://rcrf-h37-data/H37021/sequencing/Personalis_20250314_WGS_WES_WTS/IIDN_Dx_WES/Normal_DNA/DNA_27-8186805_ACE4_GTATCGAG-ACCAGCTT_L006_R1_001.fastq.gz	s3://rcrf-h37-data/H37021/sequencing/Personalis_20250314_WGS_WES_WTS/IIDN_Dx_WES/Normal_DNA/DNA_27-8186805_ACE4_GTATCGAG-ACCAGCTT_L006_R2_001.fastq.gz		/fsx/staged_sample_data/	na	FALSE	FALSE	1	1
x	R2	H37021_20250314	tumor	tissue	wes	ILMN	1	S6	na	s3://rcrf-h37-data/H37021/sequencing/Personalis_20250314_WGS_WES_WTS/IIDN_Dx_WES/Tumor_DNA/DNA_NMS25-13008_H1_ACE4_ATCTCCTG-ACCTAAGG_L007_R1_001.fastq.gz	s3://rcrf-h37-data/H37021/sequencing/Personalis_20250314_WGS_WES_WTS/IIDN_Dx_WES/Tumor_DNA/DNA_NMS25-13008_H1_ACE4_ATCTCCTG-ACCTAAGG_L007_R2_001.fastq.gz		/fsx/staged_sample_data/	na	FALSE	FALSE	1	1
x	R2	H37021_20250314	tumor	tissue	wes	ILMN	2	S6	na	s3://rcrf-h37-data/H37021/sequencing/Personalis_20250314_WGS_WES_WTS/IIDN_Dx_WES/Tumor_DNA/DNA_NMS25-13008_H1_ACE4_ATCTCCTG-ACCTAAGG_L008_R1_001.fastq.gz	s3://rcrf-h37-data/H37021/sequencing/Personalis_20250314_WGS_WES_WTS/IIDN_Dx_WES/Tumor_DNA/DNA_NMS25-13008_H1_ACE4_ATCTCCTG-ACCTAAGG_L008_R2_001.fastq.gz		/fsx/staged_sample_data/	na	FALSE	FALSE	1	1
x	R5	H37021_20250314	normal	tissue	rnaseq	ILMN	1	S1	na	s3://rcrf-h37-data/H37021/sequencing/Personalis_20250314_WGS_WES_WTS/NP_WGS/Normal_DNA/DNA_27-8186805_WGS_GTATCGAG-ACCAGCTT_L005_R1_001.fastq.gz	s3://rcrf-h37-data/H37021/sequencing/Personalis_20250314_WGS_WES_WTS/NP_WGS/Normal_DNA/DNA_27-8186805_WGS_GTATCGAG-ACCAGCTT_L005_R2_001.fastq.gz		/fsx/staged_sample_data/	na	FALSE	FALSE	1	1
x	R5	H37021_20250314	normal	tissue	rnaseq	ILMN	2	S1	na	s3://rcrf-h37-data/H37021/sequencing/Personalis_20250314_WGS_WES_WTS/NP_WGS/Normal_DNA/DNA_27-8186805_WGS_GTATCGAG-ACCAGCTT_L006_R1_001.fastq.gz	s3://rcrf-h37-data/H37021/sequencing/Personalis_20250314_WGS_WES_WTS/NP_WGS/Normal_DNA/DNA_27-8186805_WGS_GTATCGAG-ACCAGCTT_L006_R2_001.fastq.gz		/fsx/staged_sample_data/	na	FALSE	FALSE	1	1
x	R5	H37021_20250314	normal	tissue	rnaseq	ILMN	3	S1	na	s3://rcrf-h37-data/H37021/sequencing/Personalis_20250314_WGS_WES_WTS/NP_WGS/Normal_DNA/DNA_27-8186805_WGS_GTATCGAG-ACCAGCTT_L007_R1_001.fastq.gz	s3://rcrf-h37-data/H37021/sequencing/Personalis_20250314_WGS_WES_WTS/NP_WGS/Normal_DNA/DNA_27-8186805_WGS_GTATCGAG-ACCAGCTT_L007_R2_001.fastq.gz		/fsx/staged_sample_data/	na	FALSE	FALSE	1	1
x	R5	H37021_20250314	normal	tissue	rnaseq	ILMN	4	S1	na	s3://rcrf-h37-data/H37021/sequencing/Personalis_20250314_WGS_WES_WTS/NP_WGS/Normal_DNA/DNA_27-8186805_WGS_GTATCGAG-ACCAGCTT_L008_R1_001.fastq.gz	s3://rcrf-h37-data/H37021/sequencing/Personalis_20250314_WGS_WES_WTS/NP_WGS/Normal_DNA/DNA_27-8186805_WGS_GTATCGAG-ACCAGCTT_L008_R2_001.fastq.gz		/fsx/staged_sample_data/	na	FALSE	FALSE	1	1
x	R5	H37021_20250314	tumor	tissue	rnaseq	ILMN	1	S1	na	s3://rcrf-h37-data/H37021/sequencing/Personalis_20250314_WGS_WES_WTS/NP_WGS/Tumor_DNA/DNA_NMS25-13008_H1_WGS_ATCTCCTG-ACCTAAGG_L001_R1_001.fastq.gz	s3://rcrf-h37-data/H37021/sequencing/Personalis_20250314_WGS_WES_WTS/NP_WGS/Tumor_DNA/DNA_NMS25-13008_H1_WGS_ATCTCCTG-ACCTAAGG_L001_R2_001.fastq.gz		/fsx/staged_sample_data/	na	FALSE	FALSE	1	1
x	R5	H37021_20250314	tumor	tissue	rnaseq	ILMN	2	S1	na	s3://rcrf-h37-data/H37021/sequencing/Personalis_20250314_WGS_WES_WTS/NP_WGS/Tumor_DNA/DNA_NMS25-13008_H1_WGS_ATCTCCTG-ACCTAAGG_L002_R1_001.fastq.gz	s3://rcrf-h37-data/H37021/sequencing/Personalis_20250314_WGS_WES_WTS/NP_WGS/Tumor_DNA/DNA_NMS25-13008_H1_WGS_ATCTCCTG-ACCTAAGG_L002_R2_001.fastq.gz		/fsx/staged_sample_data/	na	FALSE	FALSE	1	1
x	R5	H37021_20250314	tumor	tissue	rnaseq	ILMN	3	S1	na	s3://rcrf-h37-data/H37021/sequencing/Personalis_20250314_WGS_WES_WTS/NP_WGS/Tumor_DNA/DNA_NMS25-13008_H1_WGS_ATCTCCTG-ACCTAAGG_L003_R1_001.fastq.gz	s3://rcrf-h37-data/H37021/sequencing/Personalis_20250314_WGS_WES_WTS/NP_WGS/Tumor_DNA/DNA_NMS25-13008_H1_WGS_ATCTCCTG-ACCTAAGG_L003_R2_001.fastq.gz		/fsx/staged_sample_data/	na	FALSE	FALSE	1	1
x	R5	H37021_20250314	tumor	tissue	rnaseq	ILMN	4	S1	na	s3://rcrf-h37-data/H37021/sequencing/Personalis_20250314_WGS_WES_WTS/NP_WGS/Tumor_DNA/DNA_NMS25-13008_H1_WGS_ATCTCCTG-ACCTAAGG_L004_R1_001.fastq.gz	s3://rcrf-h37-data/H37021/sequencing/Personalis_20250314_WGS_WES_WTS/NP_WGS/Tumor_DNA/DNA_NMS25-13008_H1_WGS_ATCTCCTG-ACCTAAGG_L004_R2_001.fastq.gz		/fsx/staged_sample_data/	na	FALSE	FALSE	1	1
	R2	H37021_BG012177	normal	tissue	wes	ILMN	1	S1	na	s3://rcrf-h37-data/H37021/sequencing/BostonGene-BG012177-2023-11/Normal-WES/WES-normal-A01231:982:H2LKJDMX2:1_1.fastq.gz	s3://rcrf-h37-data/H37021/sequencing/BostonGene-BG012177-2023-11/Normal-WES/WES-normal-A01231:982:H2LKJDMX2:1_2.fastq.gz		/fsx/staged_sample_data/	na	FALSE	FALSE	1	1
	R2	H37021_BG012177	normal	tissue	wes	ILMN	2	S1	na	s3://rcrf-h37-data/H37021/sequencing/BostonGene-BG012177-2023-11/Normal-WES/WES-normal-A01231:982:H2LKJDMX2:2_1.fastq.gz	s3://rcrf-h37-data/H37021/sequencing/BostonGene-BG012177-2023-11/Normal-WES/WES-normal-A01231:982:H2LKJDMX2:2_2.fastq.gz		/fsx/staged_sample_data/	na	FALSE	FALSE	1	1
	R2	H37021_BG012177	tumor	tissue	wes	ILMN	1	S2	na	s3://rcrf-h37-data/H37021/sequencing/BostonGene-BG012177-2023-11/Tumor-WES/WES-tumor-A01231:982:H2LKJDMX2:1_1.fastq.gz	s3://rcrf-h37-data/H37021/sequencing/BostonGene-BG012177-2023-11/Tumor-WES/WES-tumor-A01231:982:H2LKJDMX2:1_2.fastq.gz		/fsx/staged_sample_data/	na	FALSE	FALSE	1	1
	R2	H37021_BG012177	tumor	tissue	wes	ILMN	2	S2	na	s3://rcrf-h37-data/H37021/sequencing/BostonGene-BG012177-2023-11/Tumor-WES/WES-tumor-A01231:982:H2LKJDMX2:2_1.fastq.gz	s3://rcrf-h37-data/H37021/sequencing/BostonGene-BG012177-2023-11/Tumor-WES/WES-tumor-A01231:982:H2LKJDMX2:2_2.fastq.gz		/fsx/staged_sample_data/	na	FALSE	FALSE	1	1
	R2	H37021_CeGaT-Liver_2023	normal	tissue	wes	ILMN	0	S3	na	s3://rcrf-h37-data/H37021/sequencing/CeGaT-Liver_2023/Normal_Exome/JLF-100-098_P154192_Normal_Exome_P154192_1.1.fastq.gz	s3://rcrf-h37-data/H37021/sequencing/CeGaT-Liver_2023/Normal_Exome/JLF-100-098_P154192_Normal_Exome_P154192_1.2.fastq.gz		/fsx/staged_sample_data/	na	FALSE	FALSE	1	1
	R2	H37021_CeGaT-Liver_2023	tumor	tissue	wes	ILMN	0	S4	na	s3://rcrf-h37-data/H37021/sequencing/CeGaT-Liver_2023/Tumor_Exome/JLF-100-098_P154192_Tumor_Exome_P154192_2.1.fastq.gz	s3://rcrf-h37-data/H37021/sequencing/CeGaT-Liver_2023/Tumor_Exome/JLF-100-098_P154192_Tumor_Exome_P154192_2.2.fastq.gz		/fsx/staged_sample_data/	na	FALSE	FALSE	1	1
	R4	H37021_15054597-2023-11	tumor	tissue	wes	ILMN	1	S1	na	s3://rcrf-h37-data/H37021/sequencing/Natera-15054597-2023-11/Processed/26028894.raw.R1.fastq.gz	s3://rcrf-h37-data/H37021/sequencing/Natera-15054597-2023-11/Processed/26028894.raw.R2.fastq.gz		/fsx/staged_sample_data/	na	FALSE	FALSE	1	1
	R0	H37002-BG002179	tumor	tissue	rnaseq	ILMN	0	S4	na	s3://rcrf-h37-data/JLF/JLF-100-026/washu/mcdb032/Raw_Sequencing_Data/BG002179/RNA/RNASeq-tumor_1.fastq.gz	s3://rcrf-h37-data/JLF/JLF-100-026/washu/mcdb032/Raw_Sequencing_Data/BG002179/RNA/RNASeq-tumor_2.fastq.gz	stage_data	/fsx/staged_sample_data/	na	FALSE	FALSE	1	1
	R0	H37002-BG004281	tumor	tissue	rnaseq	ILMN	0	S5	na	s3://rcrf-h37-data/lr1/2023-07-07_BostonGene/RNASeq-tumor_1.fastq.gz	s3://rcrf-h37-data/lr1/2023-07-07_BostonGene/RNASeq-tumor_2.fastq.gz	stage_data	/fsx/staged_sample_data/	na	FALSE	FALSE	1	1
	R0	H37004-2022_Resection	tumor	tissue	rnaseq	ILMN	0	S8	na	s3://rcrf-h37-data/ss2/RNASeq-tumor_1.fastq.gz	s3://rcrf-h37-data/ss2/RNASeq-tumor_2.fastq.gz	stage_data	/fsx/staged_sample_data/	na	FALSE	FALSE	1	1
	R0	H37006-Mofit_2023-10-15	organoid	tissue	rnaseq	ILMN	0	S14	na	s3://rcrf-h37-data/rs/moffit/rs_organoid_wes_rna/S03_190029_RNA_S3_L002_R1_001.fastq.gz	s3://rcrf-h37-data/rs/moffit/rs_organoid_wes_rna/S03_190029_RNA_S3_L002_R2_001.fastq.gz	stage_data	/fsx/staged_sample_data/	na	FALSE	FALSE	1	1
	R0	H37001-BG006103	tumor	tissue	rnaseq	ILMN	0	S14	na	s3://rcrf-h37-data/mjl/BG006103/RNASeq-tumor_1.fastq.gz	s3://rcrf-h37-data/mjl/BG006103/RNASeq-tumor_2.fastq.gz	stage_data	/fsx/staged_sample_data/	na	FALSE	FALSE	1	1
	R0	H37001-BG_05182023	tumor	tissue	rnaseq	ILMN	0	S17	na	s3://rcrf-h37-data/mjl/BG_05182023/RNASeq-tumor_1.fastq.gz	s3://rcrf-h37-data/mjl/BG_05182023/RNASeq-tumor_2.fastq.gz	stage_data	/fsx/staged_sample_data/	na	FALSE	FALSE	1	1
	R0	H37001_BG_duodenal_042023	tumor	tissue	rnaseq	ILMN	0	S20	na	s3://rcrf-h37-data/mjl/BG_duodenal_042023/RNASeq_tumor-1.fastq.gz	s3://rcrf-h37-data/mjl/BG_duodenal_042023/RNASeq_tumor-2.fastq.gz	stage_data	/fsx/staged_sample_data/	na	FALSE	FALSE	1	1
	R0	H37011_BG005019	tumor	tissue	rnaseq	ILMN	0	S25	na	s3://rcrf-h37-data/H37011/RNASeq-tumor_1.fastq.gz	s3://rcrf-h37-data/H37011/RNASeq-tumor_2.fastq.gz	stage_data	/fsx/staged_sample_data/	na	FALSE	FALSE	1	1
	R0	H37016_DAU27710	tumor	tissue	rnaseq	ILMN	0	S30	na	s3://rcrf-h37-data/H37016/Personalis/DAU27710/RNA_Pipeline/FASTQ/RNA_PSNLDx20240402179_tumor_rna_reads1.fastq.gz	s3://rcrf-h37-data/H37016/Personalis/DAU27710/RNA_Pipeline/FASTQ/RNA_PSNLDx20240402179_tumor_rna_reads2.fastq.gz	stage_data	/fsx/staged_sample_data/	na	FALSE	FALSE	1	1
	R0	H37016_DAU28135	tumor	tissue	rnaseq	ILMN	0	S33	na	s3://rcrf-h37-data/H37016/Personalis/DAU28315/RNA_Pipeline/FASTQ/RNA_PSNLDx2405020232_tumor_rna_reads1.fastq.gz	s3://rcrf-h37-data/H37016/Personalis/DAU28315/RNA_Pipeline/FASTQ/RNA_PSNLDx2405020232_tumor_rna_reads2.fastq.gz	stage_data	/fsx/staged_sample_data/	na	FALSE	FALSE	1	1
	R0	H37009_Tempus_TL-24-S3U64GWWOR	tumor	tissue	rnaseq	ILMN	0	S34	na	s3://rcrf-h37-data/H37009/Tempus_TL-24-S3U64GWWOR/RNA/FastQ/TL-24-S3U64GWWOR_T_RSQ1_1.fastq.gz	s3://rcrf-h37-data/H37009/Tempus_TL-24-S3U64GWWOR/RNA/FastQ/TL-24-S3U64GWWOR_T_RSQ1_3.fastq.gz	stage_data	/fsx/staged_sample_data/	na	FALSE	FALSE	1	1
	R0	H37009_Tempus_TL-23-49B6RVQK	tumor	tissue	rnaseq	ILMN	0	S36	na	s3://rcrf-h37-data/H37009/Tempus_TL-23-49B6RVQK/RNA/FASTQ/TL-23-49B6RVQK_T_RSQ1_1.fastq.gz	s3://rcrf-h37-data/H37009/Tempus_TL-23-49B6RVQK/RNA/FASTQ/TL-23-49B6RVQK_T_RSQ1_3.fastq.gz	stage_data	/fsx/staged_sample_data/	na	FALSE	FALSE	1	1
	R1	H37016_BG013656	tumor	tissue	rnaseq	ILMN	1	S1	na	s3://rcrf-h37-data/H37016/BostonGene/BG013656/RNASeq-tumor-LH00344_A124_A22L7TVLT4_A1_1.fastq.gz	s3://rcrf-h37-data/H37016/BostonGene/BG013656/RNASeq-tumor-LH00344_A124_A22L7TVLT4_A1_2.fastq.gz		/fsx/staged_sample_data/	na	FALSE	FALSE	1	1
	R1	H37016_BG013656	tumor	tissue	rnaseq	ILMN	2	S1	na	s3://rcrf-h37-data/H37016/BostonGene/BG013656/RNASeq-tumor-LH00344_A124_A22L7TVLT4_A2_1.fastq.gz	s3://rcrf-h37-data/H37016/BostonGene/BG013656/RNASeq-tumor-LH00344_A124_A22L7TVLT4_A2_2.fastq.gz		/fsx/staged_sample_data/	na	FALSE	FALSE	1	1
	R1	H37016_BG013656	tumor	tissue	rnaseq	ILMN	3	S1	na	s3://rcrf-h37-data/H37016/BostonGene/BG013656/RNASeq-tumor-LH00344_A124_A22L7TVLT4_A3_1.fastq.gz	s3://rcrf-h37-data/H37016/BostonGene/BG013656/RNASeq-tumor-LH00344_A124_A22L7TVLT4_A3_2.fastq.gz		/fsx/staged_sample_data/	na	FALSE	FALSE	1	1
	R1	H37016_BG013656	tumor	tissue	rnaseq	ILMN	4	S1	na	s3://rcrf-h37-data/H37016/BostonGene/BG013656/RNASeq-tumor-LH00344_A124_A22L7TVLT4_A4_1.fastq.gz	s3://rcrf-h37-data/H37016/BostonGene/BG013656/RNASeq-tumor-LH00344_A124_A22L7TVLT4_A4_2.fastq.gz		/fsx/staged_sample_data/	na	FALSE	FALSE	1	1
	R1	H37016_BG013656	tumor	tissue	rnaseq	ILMN	5	S1	na	s3://rcrf-h37-data/H37016/BostonGene/BG013656/RNASeq-tumor-LH00344_A124_A22L7TVLT4_A5_1.fastq.gz	s3://rcrf-h37-data/H37016/BostonGene/BG013656/RNASeq-tumor-LH00344_A124_A22L7TVLT4_A5_2.fastq.gz		/fsx/staged_sample_data/	na	FALSE	FALSE	1	1
	R1	H37016_BG013656	tumor	tissue	rnaseq	ILMN	6	S1	na	s3://rcrf-h37-data/H37016/BostonGene/BG013656/RNASeq-tumor-LH00344_A124_A22L7TVLT4_A6_1.fastq.gz	s3://rcrf-h37-data/H37016/BostonGene/BG013656/RNASeq-tumor-LH00344_A124_A22L7TVLT4_A6_2.fastq.gz		/fsx/staged_sample_data/	na	FALSE	FALSE	1	1
	R1	H37016_BG013656	tumor	tissue	rnaseq	ILMN	7	S1	na	s3://rcrf-h37-data/H37016/BostonGene/BG013656/RNASeq-tumor-LH00344_A124_A22L7TVLT4_A7_1.fastq.gz	s3://rcrf-h37-data/H37016/BostonGene/BG013656/RNASeq-tumor-LH00344_A124_A22L7TVLT4_A7_2.fastq.gz		/fsx/staged_sample_data/	na	FALSE	FALSE	1	1
	R1	H37016_BG013656	tumor	tissue	rnaseq	ILMN	8	S1	na	s3://rcrf-h37-data/H37016/BostonGene/BG013656/RNASeq-tumor-LH00344_A124_A22L7TVLT4_A8_1.fastq.gz	s3://rcrf-h37-data/H37016/BostonGene/BG013656/RNASeq-tumor-LH00344_A124_A22L7TVLT4_A8_2.fastq.gz		/fsx/staged_sample_data/	na	FALSE	FALSE	1	1
	R1	H37019_BG013543	tumor	tissue	rnaseq	ILMN	1	S4	na	s3://rcrf-h37-data/H37019/BostonGene/BG013543/RNASeq-tumor-LH00344_A124_A22L7TVLT4_A1_1.fastq.gz	s3://rcrf-h37-data/H37019/BostonGene/BG013543/RNASeq-tumor-LH00344_A124_A22L7TVLT4_A1_2.fastq.gz		/fsx/staged_sample_data/	na	FALSE	FALSE	1	1
	R1	H37019_BG013543	tumor	tissue	rnaseq	ILMN	2	S4	na	s3://rcrf-h37-data/H37019/BostonGene/BG013543/RNASeq-tumor-LH00344_A124_A22L7TVLT4_A2_1.fastq.gz	s3://rcrf-h37-data/H37019/BostonGene/BG013543/RNASeq-tumor-LH00344_A124_A22L7TVLT4_A2_2.fastq.gz		/fsx/staged_sample_data/	na	FALSE	FALSE	1	1
	R1	H37019_BG013543	tumor	tissue	rnaseq	ILMN	3	S4	na	s3://rcrf-h37-data/H37019/BostonGene/BG013543/RNASeq-tumor-LH00344_A124_A22L7TVLT4_A3_1.fastq.gz	s3://rcrf-h37-data/H37019/BostonGene/BG013543/RNASeq-tumor-LH00344_A124_A22L7TVLT4_A3_2.fastq.gz		/fsx/staged_sample_data/	na	FALSE	FALSE	1	1
	R1	H37019_BG013543	tumor	tissue	rnaseq	ILMN	4	S4	na	s3://rcrf-h37-data/H37019/BostonGene/BG013543/RNASeq-tumor-LH00344_A124_A22L7TVLT4_A4_1.fastq.gz	s3://rcrf-h37-data/H37019/BostonGene/BG013543/RNASeq-tumor-LH00344_A124_A22L7TVLT4_A4_2.fastq.gz		/fsx/staged_sample_data/	na	FALSE	FALSE	1	1
	R1	H37019_BG013543	tumor	tissue	rnaseq	ILMN	5	S4	na	s3://rcrf-h37-data/H37019/BostonGene/BG013543/RNASeq-tumor-LH00344_A124_A22L7TVLT4_A5_1.fastq.gz	s3://rcrf-h37-data/H37019/BostonGene/BG013543/RNASeq-tumor-LH00344_A124_A22L7TVLT4_A5_2.fastq.gz		/fsx/staged_sample_data/	na	FALSE	FALSE	1	1
	R1	H37019_BG013543	tumor	tissue	rnaseq	ILMN	6	S4	na	s3://rcrf-h37-data/H37019/BostonGene/BG013543/RNASeq-tumor-LH00344_A124_A22L7TVLT4_A6_1.fastq.gz	s3://rcrf-h37-data/H37019/BostonGene/BG013543/RNASeq-tumor-LH00344_A124_A22L7TVLT4_A6_2.fastq.gz		/fsx/staged_sample_data/	na	FALSE	FALSE	1	1
	R1	H37019_BG013543	tumor	tissue	rnaseq	ILMN	7	S4	na	s3://rcrf-h37-data/H37019/BostonGene/BG013543/RNASeq-tumor-LH00344_A124_A22L7TVLT4_A7_1.fastq.gz	s3://rcrf-h37-data/H37019/BostonGene/BG013543/RNASeq-tumor-LH00344_A124_A22L7TVLT4_A7_2.fastq.gz		/fsx/staged_sample_data/	na	FALSE	FALSE	1	1
	R1	H37019_BG013543	tumor	tissue	rnaseq	ILMN	8	S4	na	s3://rcrf-h37-data/H37019/BostonGene/BG013543/RNASeq-tumor-LH00344_A124_A22L7TVLT4_A8_1.fastq.gz	s3://rcrf-h37-data/H37019/BostonGene/BG013543/RNASeq-tumor-LH00344_A124_A22L7TVLT4_A8_2.fastq.gz		/fsx/staged_sample_data/	na	FALSE	FALSE	1	1
	R1	H37020_BG013759	tumor	tissue	rnaseq	ILMN	1	S7	na	s3://rcrf-h37-data/H37020/BostonGene/BG013759/RNASeq-tumor-LH00344_A132_A22KYHKLT4_A1_1.fastq.gz	s3://rcrf-h37-data/H37020/BostonGene/BG013759/RNASeq-tumor-LH00344_A132_A22KYHKLT4_A1_2.fastq.gz		/fsx/staged_sample_data/	na	FALSE	FALSE	1	1
	R1	H37020_BG013759	tumor	tissue	rnaseq	ILMN	2	S7	na	s3://rcrf-h37-data/H37020/BostonGene/BG013759/RNASeq-tumor-LH00344_A132_A22KYHKLT4_A2_1.fastq.gz	s3://rcrf-h37-data/H37020/BostonGene/BG013759/RNASeq-tumor-LH00344_A132_A22KYHKLT4_A2_2.fastq.gz		/fsx/staged_sample_data/	na	FALSE	FALSE	1	1
	R1	H37020_BG013759	tumor	tissue	rnaseq	ILMN	3	S7	na	s3://rcrf-h37-data/H37020/BostonGene/BG013759/RNASeq-tumor-LH00344_A132_A22KYHKLT4_A3_1.fastq.gz	s3://rcrf-h37-data/H37020/BostonGene/BG013759/RNASeq-tumor-LH00344_A132_A22KYHKLT4_A3_2.fastq.gz		/fsx/staged_sample_data/	na	FALSE	FALSE	1	1
	R1	H37020_BG013759	tumor	tissue	rnaseq	ILMN	4	S7	na	s3://rcrf-h37-data/H37020/BostonGene/BG013759/RNASeq-tumor-LH00344_A132_A22KYHKLT4_A4_1.fastq.gz	s3://rcrf-h37-data/H37020/BostonGene/BG013759/RNASeq-tumor-LH00344_A132_A22KYHKLT4_A4_2.fastq.gz		/fsx/staged_sample_data/	na	FALSE	FALSE	1	1
	R1	H37020_BG013759	tumor	tissue	rnaseq	ILMN	5	S7	na	s3://rcrf-h37-data/H37020/BostonGene/BG013759/RNASeq-tumor-LH00344_A132_A22KYHKLT4_A5_1.fastq.gz	s3://rcrf-h37-data/H37020/BostonGene/BG013759/RNASeq-tumor-LH00344_A132_A22KYHKLT4_A5_2.fastq.gz		/fsx/staged_sample_data/	na	FALSE	FALSE	1	1
	R1	H37020_BG013759	tumor	tissue	rnaseq	ILMN	6	S7	na	s3://rcrf-h37-data/H37020/BostonGene/BG013759/RNASeq-tumor-LH00344_A132_A22KYHKLT4_A6_1.fastq.gz	s3://rcrf-h37-data/H37020/BostonGene/BG013759/RNASeq-tumor-LH00344_A132_A22KYHKLT4_A6_2.fastq.gz		/fsx/staged_sample_data/	na	FALSE	FALSE	1	1
	R1	H37020_BG013759	tumor	tissue	rnaseq	ILMN	7	S7	na	s3://rcrf-h37-data/H37020/BostonGene/BG013759/RNASeq-tumor-LH00344_A132_A22KYHKLT4_A7_1.fastq.gz	s3://rcrf-h37-data/H37020/BostonGene/BG013759/RNASeq-tumor-LH00344_A132_A22KYHKLT4_A7_2.fastq.gz		/fsx/staged_sample_data/	na	FALSE	FALSE	1	1
	R1	H37020_BG013759	tumor	tissue	rnaseq	ILMN	8	S7	na	s3://rcrf-h37-data/H37020/BostonGene/BG013759/RNASeq-tumor-LH00344_A132_A22KYHKLT4_A8_1.fastq.gz	s3://rcrf-h37-data/H37020/BostonGene/BG013759/RNASeq-tumor-LH00344_A132_A22KYHKLT4_A8_2.fastq.gz		/fsx/staged_sample_data/	na	FALSE	FALSE	1	1
	R3	H37021_BG012177	tumor	tissue	rnaseq	ILMN	1	S1	na	s3://rcrf-h37-data/H37021/sequencing/BostonGene-BG012177-2023-11/Tumor-RNA/RNASeq-tumor-A01231:982:H2LKJDMX2:1_1.fastq.gz	s3://rcrf-h37-data/H37021/sequencing/BostonGene-BG012177-2023-11/Tumor-RNA/RNASeq-tumor-A01231:982:H2LKJDMX2:1_2.fastq.gz		/fsx/staged_sample_data/	na	FALSE	FALSE	1	1
	R3	H37021_BG012177	tumor	tissue	rnaseq	ILMN	2	S1	na	s3://rcrf-h37-data/H37021/sequencing/BostonGene-BG012177-2023-11/Tumor-RNA/RNASeq-tumor-A01231:982:H2LKJDMX2:2_1.fastq.gz	s3://rcrf-h37-data/H37021/sequencing/BostonGene-BG012177-2023-11/Tumor-RNA/RNASeq-tumor-A01231:982:H2LKJDMX2:2_2.fastq.gz		/fsx/staged_sample_data/	na	FALSE	FALSE	1	1
	R3	H37021_CeGaT-Liver_2023	tumor	tissue	rnaseq	ILMN	0	S2	na	s3://rcrf-h37-data/H37021/sequencing/CeGaT-Liver_2023/RNA/JLF-100-098_P154192_RNA_P154192_3.1.fastq.gz	s3://rcrf-h37-data/H37021/sequencing/CeGaT-Liver_2023/RNA/JLF-100-098_P154192_RNA_P154192_3.2.fastq.gz		/fsx/staged_sample_data/	na	FALSE	FALSE	1	1
	R3	H37021_15054597-2023-11	tumor	tissue	rnaseq	ILMN	0	S3	na	s3://rcrf-h37-data/H37021/sequencing/Natera-15054597-2023-11/Processed/25804400.raw.R1.fastq.gz	s3://rcrf-h37-data/H37021/sequencing/Natera-15054597-2023-11/Processed/25804400.raw.R2.fastq.gz		/fsx/staged_sample_data/	na	FALSE	FALSE	1	1
	R0	H37002-BG002179	tumor	tissue	noampwgs	ILMN	0	S2	na	s3://rcrf-h37-data/JLF/JLF-100-026/washu/mcdb032/Raw_Sequencing_Data/BG002179/Tumor_Exome/WES-tumor_1.fastq.gz	s3://rcrf-h37-data/JLF/JLF-100-026/washu/mcdb032/Raw_Sequencing_Data/BG002179/Tumor_Exome/WES-tumor_2.fastq.gz	stage_data	/fsx/staged_sample_data/	na	FALSE	FALSE	1	1
	R0	H37002-BG002179	normal	tissue	noampwgs	ILMN	0	S3	na	s3://rcrf-h37-data/JLF/JLF-100-026/washu/mcdb032/Raw_Sequencing_Data/BG002179/Normal_Exome/WES-normal_1.fastq.gz	s3://rcrf-h37-data/JLF/JLF-100-026/washu/mcdb032/Raw_Sequencing_Data/BG002179/Normal_Exome/WES-normal_2.fastq.gz	stage_data	/fsx/staged_sample_data/	na	FALSE	FALSE	1	1
	R0	H37002-BG004281	normal	tissue	noampwgs	ILMN	0	S6	na	s3://rcrf-h37-data/lr1/2023-07-07_BostonGene/WES-normal_1.fastq.gz	s3://rcrf-h37-data/lr1/2023-07-07_BostonGene/WES-normal_2.fastq.gz	stage_data	/fsx/staged_sample_data/	na	FALSE	FALSE	1	1
	R0	H37002-BG004281	tumor	tissue	noampwgs	ILMN	0	S7	na	s3://rcrf-h37-data/lr1/2023-07-07_BostonGene/WES-tumor_1.fastq.gz	s3://rcrf-h37-data/lr1/2023-07-07_BostonGene/WES-tumor_2.fastq.gz	stage_data	/fsx/staged_sample_data/	na	FALSE	FALSE	1	1
	R0	H37004-2022_Resection	normal	tissue	noampwgs	ILMN	0	S9	na	s3://rcrf-h37-data/ss2/WES-normal_1.fastq.gz	s3://rcrf-h37-data/ss2/WES-normal_2.fastq.gz	stage_data	/fsx/staged_sample_data/	na	FALSE	FALSE	1	1
	R0	H37004-2022_Resection	tumor	tissue	noampwgs	ILMN	0	S10	na	s3://rcrf-h37-data/ss2/WES-tumor_1.fastq.gz	s3://rcrf-h37-data/ss2/WES-tumor_2.fastq.gz	stage_data	/fsx/staged_sample_data/	na	FALSE	FALSE	1	1
	R0	H37004-BG003082	normal	tissue	noampwgs	ILMN	0	S11	na	s3://rcrf-h37-data/JLF/JLF-100-038/washu/mcdb044/Raw_Sequencing_Data/BG003082/Normal_Exome/BG003082_WES-normal_1.fastq.gz	s3://rcrf-h37-data/JLF/JLF-100-038/washu/mcdb044/Raw_Sequencing_Data/BG003082/Normal_Exome/BG003082_WES-normal_2.fastq.gz	stage_data	/fsx/staged_sample_data/	na	FALSE	FALSE	1	1
	R0	H37004-BG003082	tumor	tissue	noampwgs	ILMN	0	S12	na	s3://rcrf-h37-data/JLF/JLF-100-038/washu/mcdb044/Raw_Sequencing_Data/BG003082/Tumor_Exome/BG003082_WES-tumor_1.fastq.gz	s3://rcrf-h37-data/JLF/JLF-100-038/washu/mcdb044/Raw_Sequencing_Data/BG003082/Tumor_Exome/BG003082_WES-tumor_2.fastq.gz	stage_data	/fsx/staged_sample_data/	na	FALSE	FALSE	1	1
	R0	H37006-Mofit_2023-10-15	organoid	tissue	noampwgs	ILMN	0	S13	na	s3://rcrf-h37-data/rs/moffit/rs_organoid_wes_rna/S01_190029_wes_S1_L001_R1_001.fastq.gz	s3://rcrf-h37-data/rs/moffit/rs_organoid_wes_rna/S01_190029_wes_S1_L001_R2_001.fastq.gz	stage_data	/fsx/staged_sample_data/	na	FALSE	FALSE	1	1
	R0	H37001-BG006103	normal	tissue	noampwgs	ILMN	0	S15	na	s3://rcrf-h37-data/mjl/BG006103/WES-normal_1.fastq.gz	s3://rcrf-h37-data/mjl/BG006103/WES-normal_2.fastq.gz	stage_data	/fsx/staged_sample_data/	na	FALSE	FALSE	1	1
	R0	H37001-BG006103	tumor	tissue	noampwgs	ILMN	0	S16	na	s3://rcrf-h37-data/mjl/BG006103/WES-tumor_1.fastq.gz	s3://rcrf-h37-data/mjl/BG006103/WES-tumor_2.fastq.gz	stage_data	/fsx/staged_sample_data/	na	FALSE	FALSE	1	1
	R0	H37001-BG_05182023	normal	tissue	noampwgs	ILMN	0	S18	na	s3://rcrf-h37-data/mjl/BG_05182023/WES-normal_1.fastq.gz	s3://rcrf-h37-data/mjl/BG_05182023/WES-normal_2.fastq.gz	stage_data	/fsx/staged_sample_data/	na	FALSE	FALSE	1	1
	R0	H37001-BG_05182023	tumor	tissue	noampwgs	ILMN	0	S19	na	s3://rcrf-h37-data/mjl/BG_05182023/WES-tumor_1.fastq.gz	s3://rcrf-h37-data/mjl/BG_05182023/WES-tumor_2.fastq.gz	stage_data	/fsx/staged_sample_data/	na	FALSE	FALSE	1	1
	R0	H37001_BG_duodenal_042023	normal	tissue	noampwgs	ILMN	0	S21	na	s3://rcrf-h37-data/mjl/BG_duodenal_042023/WES-normal_1.fastq.gz	s3://rcrf-h37-data/mjl/BG_duodenal_042023/WES-normal_2.fastq.gz	stage_data	/fsx/staged_sample_data/	na	FALSE	FALSE	1	1
	R0	H37001_BG_duodenal_042023	tumor	tissue	noampwgs	ILMN	0	S22	na	s3://rcrf-h37-data/mjl/BG_duodenal_042023/WES-tumor_1.fastq.gz	s3://rcrf-h37-data/mjl/BG_duodenal_042023/WES-tumor_2.fastq.gz	stage_data	/fsx/staged_sample_data/	na	FALSE	FALSE	1	1
	R0	H37011_BG005019	normal	tissue	noampwgs	ILMN	0	S26	na	s3://rcrf-h37-data/H37011/WES-normal_1.fastq.gz	s3://rcrf-h37-data/H37011/WES-normal_2.fastq.gz	stage_data	/fsx/staged_sample_data/	na	FALSE	FALSE	1	1
	R0	H37011_BG005019	tumor	tissue	noampwgs	ILMN	0	S27	na	s3://rcrf-h37-data/H37011/WES-tumor_1.fastq.gz	s3://rcrf-h37-data/H37011/WES-tumor_2.fastq.gz	stage_data	/fsx/staged_sample_data/	na	FALSE	FALSE	1	1
	R0	H37016_DAU27710	tumor	tissue	noampwgs	ILMN	0	S28	na	s3://rcrf-h37-data/H37016/Personalis/DAU27710/DNA_Pipeline/FASTQ/DNA_PSNLDx20240402179_tumor_dna_reads1.fastq.gz	s3://rcrf-h37-data/H37016/Personalis/DAU27710/DNA_Pipeline/FASTQ/DNA_PSNLDx20240402179_tumor_dna_reads2.fastq.gz	stage_data	/fsx/staged_sample_data/	na	FALSE	FALSE	1	1
	R0	H37016_DAU27710	normal	tissue	noampwgs	ILMN	0	S29	na	s3://rcrf-h37-data/H37016/Personalis/DAU27710/DNA_Pipeline/FASTQ/DNA_PSNLDx20240402228_normal_dna_reads1.fastq.gz	s3://rcrf-h37-data/H37016/Personalis/DAU27710/DNA_Pipeline/FASTQ/DNA_PSNLDx20240402228_normal_dna_reads2.fastq.gz	stage_data	/fsx/staged_sample_data/	na	FALSE	FALSE	1	1
	R0	H37016_DAU28135	tumor	tissue	noampwgs	ILMN	0	S31	na	s3://rcrf-h37-data/H37016/Personalis/DAU28315/DNA_Pipeline/FASTQ/DNA_PSNLDx2405020232_tumor_dna_reads1.fastq.gz	s3://rcrf-h37-data/H37016/Personalis/DAU28315/DNA_Pipeline/FASTQ/DNA_PSNLDx2405020232_tumor_dna_reads2.fastq.gz	stage_data	/fsx/staged_sample_data/	na	FALSE	FALSE	1	1
	R0	H37016_DAU28135	normal	tissue	noampwgs	ILMN	0	S32	na	s3://rcrf-h37-data/H37016/Personalis/DAU28315/DNA_Pipeline/FASTQ/DNA_PSNLDx2405020373_normal_dna_reads1.fastq.gz	s3://rcrf-h37-data/H37016/Personalis/DAU28315/DNA_Pipeline/FASTQ/DNA_PSNLDx2405020373_normal_dna_reads2.fastq.gz	stage_data	/fsx/staged_sample_data/	na	FALSE	FALSE	1	1
	R0	H37009_Tempus_TL-23-49B6RVQK	tumor	tissue	noampwgs	ILMN	0	S35	na	s3://rcrf-h37-data/H37009/Tempus_TL-23-49B6RVQK/DNA/FASTQ/TL-23-49B6RVQK_T_DSQ1_1.fastq.gz	s3://rcrf-h37-data/H37009/Tempus_TL-23-49B6RVQK/DNA/FASTQ/TL-23-49B6RVQK_T_DSQ1_2.fastq.gz	stage_data	/fsx/staged_sample_data/	na	FALSE	FALSE	1	1
	R1	H37016_BG013656	normal	tissue	noampwgs	ILMN	1	S2	na	s3://rcrf-h37-data/H37016/BostonGene/BG013656/WES-normal-LH00344_A124_A22L7TVLT4_A1_1.fastq.gz	s3://rcrf-h37-data/H37016/BostonGene/BG013656/WES-normal-LH00344_A124_A22L7TVLT4_A1_2.fastq.gz		/fsx/staged_sample_data/	na	FALSE	FALSE	1	1
	R1	H37016_BG013656	normal	tissue	noampwgs	ILMN	2	S2	na	s3://rcrf-h37-data/H37016/BostonGene/BG013656/WES-normal-LH00344_A124_A22L7TVLT4_A2_1.fastq.gz	s3://rcrf-h37-data/H37016/BostonGene/BG013656/WES-normal-LH00344_A124_A22L7TVLT4_A2_2.fastq.gz		/fsx/staged_sample_data/	na	FALSE	FALSE	1	1
	R1	H37016_BG013656	normal	tissue	noampwgs	ILMN	3	S2	na	s3://rcrf-h37-data/H37016/BostonGene/BG013656/WES-normal-LH00344_A124_A22L7TVLT4_A3_1.fastq.gz	s3://rcrf-h37-data/H37016/BostonGene/BG013656/WES-normal-LH00344_A124_A22L7TVLT4_A3_2.fastq.gz		/fsx/staged_sample_data/	na	FALSE	FALSE	1	1
	R1	H37016_BG013656	normal	tissue	noampwgs	ILMN	4	S2	na	s3://rcrf-h37-data/H37016/BostonGene/BG013656/WES-normal-LH00344_A124_A22L7TVLT4_A4_1.fastq.gz	s3://rcrf-h37-data/H37016/BostonGene/BG013656/WES-normal-LH00344_A124_A22L7TVLT4_A4_2.fastq.gz		/fsx/staged_sample_data/	na	FALSE	FALSE	1	1
	R1	H37016_BG013656	normal	tissue	noampwgs	ILMN	5	S2	na	s3://rcrf-h37-data/H37016/BostonGene/BG013656/WES-normal-LH00344_A124_A22L7TVLT4_A5_1.fastq.gz	s3://rcrf-h37-data/H37016/BostonGene/BG013656/WES-normal-LH00344_A124_A22L7TVLT4_A5_2.fastq.gz		/fsx/staged_sample_data/	na	FALSE	FALSE	1	1
	R1	H37016_BG013656	normal	tissue	noampwgs	ILMN	6	S2	na	s3://rcrf-h37-data/H37016/BostonGene/BG013656/WES-normal-LH00344_A124_A22L7TVLT4_A6_1.fastq.gz	s3://rcrf-h37-data/H37016/BostonGene/BG013656/WES-normal-LH00344_A124_A22L7TVLT4_A6_2.fastq.gz		/fsx/staged_sample_data/	na	FALSE	FALSE	1	1
	R1	H37016_BG013656	normal	tissue	noampwgs	ILMN	7	S2	na	s3://rcrf-h37-data/H37016/BostonGene/BG013656/WES-normal-LH00344_A124_A22L7TVLT4_A7_1.fastq.gz	s3://rcrf-h37-data/H37016/BostonGene/BG013656/WES-normal-LH00344_A124_A22L7TVLT4_A7_2.fastq.gz		/fsx/staged_sample_data/	na	FALSE	FALSE	1	1
	R1	H37016_BG013656	normal	tissue	noampwgs	ILMN	8	S2	na	s3://rcrf-h37-data/H37016/BostonGene/BG013656/WES-normal-LH00344_A124_A22L7TVLT4_A8_1.fastq.gz	s3://rcrf-h37-data/H37016/BostonGene/BG013656/WES-normal-LH00344_A124_A22L7TVLT4_A8_2.fastq.gz		/fsx/staged_sample_data/	na	FALSE	FALSE	1	1
	R1	H37016_BG013656	tumor	tissue	noampwgs	ILMN	1	S3	na	s3://rcrf-h37-data/H37016/BostonGene/BG013656/WES-tumor-LH00344_A124_A22L7TVLT4_A1_1.fastq.gz	s3://rcrf-h37-data/H37016/BostonGene/BG013656/WES-tumor-LH00344_A124_A22L7TVLT4_A1_2.fastq.gz		/fsx/staged_sample_data/	na	FALSE	FALSE	1	1
	R1	H37016_BG013656	tumor	tissue	noampwgs	ILMN	2	S3	na	s3://rcrf-h37-data/H37016/BostonGene/BG013656/WES-tumor-LH00344_A124_A22L7TVLT4_A2_1.fastq.gz	s3://rcrf-h37-data/H37016/BostonGene/BG013656/WES-tumor-LH00344_A124_A22L7TVLT4_A2_2.fastq.gz		/fsx/staged_sample_data/	na	FALSE	FALSE	1	1
	R1	H37016_BG013656	tumor	tissue	noampwgs	ILMN	3	S3	na	s3://rcrf-h37-data/H37016/BostonGene/BG013656/WES-tumor-LH00344_A124_A22L7TVLT4_A3_1.fastq.gz	s3://rcrf-h37-data/H37016/BostonGene/BG013656/WES-tumor-LH00344_A124_A22L7TVLT4_A3_2.fastq.gz		/fsx/staged_sample_data/	na	FALSE	FALSE	1	1
	R1	H37016_BG013656	tumor	tissue	noampwgs	ILMN	4	S3	na	s3://rcrf-h37-data/H37016/BostonGene/BG013656/WES-tumor-LH00344_A124_A22L7TVLT4_A4_1.fastq.gz	s3://rcrf-h37-data/H37016/BostonGene/BG013656/WES-tumor-LH00344_A124_A22L7TVLT4_A4_2.fastq.gz		/fsx/staged_sample_data/	na	FALSE	FALSE	1	1
	R1	H37016_BG013656	tumor	tissue	noampwgs	ILMN	5	S3	na	s3://rcrf-h37-data/H37016/BostonGene/BG013656/WES-tumor-LH00344_A124_A22L7TVLT4_A5_1.fastq.gz	s3://rcrf-h37-data/H37016/BostonGene/BG013656/WES-tumor-LH00344_A124_A22L7TVLT4_A5_2.fastq.gz		/fsx/staged_sample_data/	na	FALSE	FALSE	1	1
	R1	H37016_BG013656	tumor	tissue	noampwgs	ILMN	6	S3	na	s3://rcrf-h37-data/H37016/BostonGene/BG013656/WES-tumor-LH00344_A124_A22L7TVLT4_A6_1.fastq.gz	s3://rcrf-h37-data/H37016/BostonGene/BG013656/WES-tumor-LH00344_A124_A22L7TVLT4_A6_2.fastq.gz		/fsx/staged_sample_data/	na	FALSE	FALSE	1	1
	R1	H37016_BG013656	tumor	tissue	noampwgs	ILMN	7	S3	na	s3://rcrf-h37-data/H37016/BostonGene/BG013656/WES-tumor-LH00344_A124_A22L7TVLT4_A7_1.fastq.gz	s3://rcrf-h37-data/H37016/BostonGene/BG013656/WES-tumor-LH00344_A124_A22L7TVLT4_A7_2.fastq.gz		/fsx/staged_sample_data/	na	FALSE	FALSE	1	1
	R1	H37016_BG013656	tumor	tissue	noampwgs	ILMN	8	S3	na	s3://rcrf-h37-data/H37016/BostonGene/BG013656/WES-tumor-LH00344_A124_A22L7TVLT4_A8_1.fastq.gz	s3://rcrf-h37-data/H37016/BostonGene/BG013656/WES-tumor-LH00344_A124_A22L7TVLT4_A8_2.fastq.gz		/fsx/staged_sample_data/	na	FALSE	FALSE	1	1
	R1	H37019_BG013543	normal	tissue	noampwgs	ILMN	1	S5	na	s3://rcrf-h37-data/H37019/BostonGene/BG013543/WES-normal-LH00344_A124_A22L7TVLT4_A1_1.fastq.gz	s3://rcrf-h37-data/H37019/BostonGene/BG013543/WES-normal-LH00344_A124_A22L7TVLT4_A1_2.fastq.gz		/fsx/staged_sample_data/	na	FALSE	FALSE	1	1
	R1	H37019_BG013543	normal	tissue	noampwgs	ILMN	2	S5	na	s3://rcrf-h37-data/H37019/BostonGene/BG013543/WES-normal-LH00344_A124_A22L7TVLT4_A2_1.fastq.gz	s3://rcrf-h37-data/H37019/BostonGene/BG013543/WES-normal-LH00344_A124_A22L7TVLT4_A2_2.fastq.gz		/fsx/staged_sample_data/	na	FALSE	FALSE	1	1
	R1	H37019_BG013543	normal	tissue	noampwgs	ILMN	3	S5	na	s3://rcrf-h37-data/H37019/BostonGene/BG013543/WES-normal-LH00344_A124_A22L7TVLT4_A3_1.fastq.gz	s3://rcrf-h37-data/H37019/BostonGene/BG013543/WES-normal-LH00344_A124_A22L7TVLT4_A3_2.fastq.gz		/fsx/staged_sample_data/	na	FALSE	FALSE	1	1
	R1	H37019_BG013543	normal	tissue	noampwgs	ILMN	4	S5	na	s3://rcrf-h37-data/H37019/BostonGene/BG013543/WES-normal-LH00344_A124_A22L7TVLT4_A4_1.fastq.gz	s3://rcrf-h37-data/H37019/BostonGene/BG013543/WES-normal-LH00344_A124_A22L7TVLT4_A4_2.fastq.gz		/fsx/staged_sample_data/	na	FALSE	FALSE	1	1
	R1	H37019_BG013543	normal	tissue	noampwgs	ILMN	5	S5	na	s3://rcrf-h37-data/H37019/BostonGene/BG013543/WES-normal-LH00344_A124_A22L7TVLT4_A5_1.fastq.gz	s3://rcrf-h37-data/H37019/BostonGene/BG013543/WES-normal-LH00344_A124_A22L7TVLT4_A5_2.fastq.gz		/fsx/staged_sample_data/	na	FALSE	FALSE	1	1
	R1	H37019_BG013543	normal	tissue	noampwgs	ILMN	6	S5	na	s3://rcrf-h37-data/H37019/BostonGene/BG013543/WES-normal-LH00344_A124_A22L7TVLT4_A6_1.fastq.gz	s3://rcrf-h37-data/H37019/BostonGene/BG013543/WES-normal-LH00344_A124_A22L7TVLT4_A6_2.fastq.gz		/fsx/staged_sample_data/	na	FALSE	FALSE	1	1
	R1	H37019_BG013543	normal	tissue	noampwgs	ILMN	7	S5	na	s3://rcrf-h37-data/H37019/BostonGene/BG013543/WES-normal-LH00344_A124_A22L7TVLT4_A7_1.fastq.gz	s3://rcrf-h37-data/H37019/BostonGene/BG013543/WES-normal-LH00344_A124_A22L7TVLT4_A7_2.fastq.gz		/fsx/staged_sample_data/	na	FALSE	FALSE	1	1
	R1	H37019_BG013543	normal	tissue	noampwgs	ILMN	8	S5	na	s3://rcrf-h37-data/H37019/BostonGene/BG013543/WES-normal-LH00344_A124_A22L7TVLT4_A8_1.fastq.gz	s3://rcrf-h37-data/H37019/BostonGene/BG013543/WES-normal-LH00344_A124_A22L7TVLT4_A8_2.fastq.gz		/fsx/staged_sample_data/	na	FALSE	FALSE	1	1
	R1	H37019_BG013543	tumor	tissue	noampwgs	ILMN	1	S6	na	s3://rcrf-h37-data/H37019/BostonGene/BG013543/WES-tumor-LH00344_A124_A22L7TVLT4_A1_1.fastq.gz	s3://rcrf-h37-data/H37019/BostonGene/BG013543/WES-tumor-LH00344_A124_A22L7TVLT4_A1_2.fastq.gz		/fsx/staged_sample_data/	na	FALSE	FALSE	1	1
	R1	H37019_BG013543	tumor	tissue	noampwgs	ILMN	2	S6	na	s3://rcrf-h37-data/H37019/BostonGene/BG013543/WES-tumor-LH00344_A124_A22L7TVLT4_A2_1.fastq.gz	s3://rcrf-h37-data/H37019/BostonGene/BG013543/WES-tumor-LH00344_A124_A22L7TVLT4_A2_2.fastq.gz		/fsx/staged_sample_data/	na	FALSE	FALSE	1	1
	R1	H37019_BG013543	tumor	tissue	noampwgs	ILMN	3	S6	na	s3://rcrf-h37-data/H37019/BostonGene/BG013543/WES-tumor-LH00344_A124_A22L7TVLT4_A3_1.fastq.gz	s3://rcrf-h37-data/H37019/BostonGene/BG013543/WES-tumor-LH00344_A124_A22L7TVLT4_A3_2.fastq.gz		/fsx/staged_sample_data/	na	FALSE	FALSE	1	1
	R1	H37019_BG013543	tumor	tissue	noampwgs	ILMN	4	S6	na	s3://rcrf-h37-data/H37019/BostonGene/BG013543/WES-tumor-LH00344_A124_A22L7TVLT4_A4_1.fastq.gz	s3://rcrf-h37-data/H37019/BostonGene/BG013543/WES-tumor-LH00344_A124_A22L7TVLT4_A4_2.fastq.gz		/fsx/staged_sample_data/	na	FALSE	FALSE	1	1
	R1	H37019_BG013543	tumor	tissue	noampwgs	ILMN	5	S6	na	s3://rcrf-h37-data/H37019/BostonGene/BG013543/WES-tumor-LH00344_A124_A22L7TVLT4_A5_1.fastq.gz	s3://rcrf-h37-data/H37019/BostonGene/BG013543/WES-tumor-LH00344_A124_A22L7TVLT4_A5_2.fastq.gz		/fsx/staged_sample_data/	na	FALSE	FALSE	1	1
	R1	H37019_BG013543	tumor	tissue	noampwgs	ILMN	6	S6	na	s3://rcrf-h37-data/H37019/BostonGene/BG013543/WES-tumor-LH00344_A124_A22L7TVLT4_A6_2.fastq.gz	s3://rcrf-h37-data/H37019/BostonGene/BG013543/WES-tumor-LH00344_A124_A22L7TVLT4_A6_2.fastq.gz		/fsx/staged_sample_data/	na	FALSE	FALSE	1	1
	R1	H37019_BG013543	tumor	tissue	noampwgs	ILMN	7	S6	na	s3://rcrf-h37-data/H37019/BostonGene/BG013543/WES-tumor-LH00344_A124_A22L7TVLT4_A7_1.fastq.gz	s3://rcrf-h37-data/H37019/BostonGene/BG013543/WES-tumor-LH00344_A124_A22L7TVLT4_A7_2.fastq.gz		/fsx/staged_sample_data/	na	FALSE	FALSE	1	1
	R1	H37019_BG013543	tumor	tissue	noampwgs	ILMN	8	S6	na	s3://rcrf-h37-data/H37019/BostonGene/BG013543/WES-tumor-LH00344_A124_A22L7TVLT4_A8_1.fastq.gz	s3://rcrf-h37-data/H37019/BostonGene/BG013543/WES-tumor-LH00344_A124_A22L7TVLT4_A8_2.fastq.gz		/fsx/staged_sample_data/	na	FALSE	FALSE	1	1
	R1	H37020_BG013759	normal	tissue	noampwgs	ILMN	1	S8	na	s3://rcrf-h37-data/H37020/BostonGene/BG013759/WES-normal-LH00344_A132_A22KYHKLT4_A1_1.fastq.gz	s3://rcrf-h37-data/H37020/BostonGene/BG013759/WES-normal-LH00344_A132_A22KYHKLT4_A1_2.fastq.gz		/fsx/staged_sample_data/	na	FALSE	FALSE	1	1
	R1	H37020_BG013759	normal	tissue	noampwgs	ILMN	2	S8	na	s3://rcrf-h37-data/H37020/BostonGene/BG013759/WES-normal-LH00344_A132_A22KYHKLT4_A2_1.fastq.gz	s3://rcrf-h37-data/H37020/BostonGene/BG013759/WES-normal-LH00344_A132_A22KYHKLT4_A2_2.fastq.gz		/fsx/staged_sample_data/	na	FALSE	FALSE	1	1
	R1	H37020_BG013759	normal	tissue	noampwgs	ILMN	3	S8	na	s3://rcrf-h37-data/H37020/BostonGene/BG013759/WES-normal-LH00344_A132_A22KYHKLT4_A3_1.fastq.gz	s3://rcrf-h37-data/H37020/BostonGene/BG013759/WES-normal-LH00344_A132_A22KYHKLT4_A3_2.fastq.gz		/fsx/staged_sample_data/	na	FALSE	FALSE	1	1
	R1	H37020_BG013759	normal	tissue	noampwgs	ILMN	4	S8	na	s3://rcrf-h37-data/H37020/BostonGene/BG013759/WES-normal-LH00344_A132_A22KYHKLT4_A4_1.fastq.gz	s3://rcrf-h37-data/H37020/BostonGene/BG013759/WES-normal-LH00344_A132_A22KYHKLT4_A4_2.fastq.gz		/fsx/staged_sample_data/	na	FALSE	FALSE	1	1
	R1	H37020_BG013759	normal	tissue	noampwgs	ILMN	5	S8	na	s3://rcrf-h37-data/H37020/BostonGene/BG013759/WES-normal-LH00344_A132_A22KYHKLT4_A5_1.fastq.gz	s3://rcrf-h37-data/H37020/BostonGene/BG013759/WES-normal-LH00344_A132_A22KYHKLT4_A5_2.fastq.gz		/fsx/staged_sample_data/	na	FALSE	FALSE	1	1
	R1	H37020_BG013759	normal	tissue	noampwgs	ILMN	6	S8	na	s3://rcrf-h37-data/H37020/BostonGene/BG013759/WES-normal-LH00344_A132_A22KYHKLT4_A6_1.fastq.gz	s3://rcrf-h37-data/H37020/BostonGene/BG013759/WES-normal-LH00344_A132_A22KYHKLT4_A6_2.fastq.gz		/fsx/staged_sample_data/	na	FALSE	FALSE	1	1
	R1	H37020_BG013759	normal	tissue	noampwgs	ILMN	7	S8	na	s3://rcrf-h37-data/H37020/BostonGene/BG013759/WES-normal-LH00344_A132_A22KYHKLT4_A7_1.fastq.gz	s3://rcrf-h37-data/H37020/BostonGene/BG013759/WES-normal-LH00344_A132_A22KYHKLT4_A7_2.fastq.gz		/fsx/staged_sample_data/	na	FALSE	FALSE	1	1
	R1	H37020_BG013759	normal	tissue	noampwgs	ILMN	8	S8	na	s3://rcrf-h37-data/H37020/BostonGene/BG013759/WES-normal-LH00344_A132_A22KYHKLT4_A8_1.fastq.gz	s3://rcrf-h37-data/H37020/BostonGene/BG013759/WES-normal-LH00344_A132_A22KYHKLT4_A8_2.fastq.gz		/fsx/staged_sample_data/	na	FALSE	FALSE	1	1
	R1	H37020_BG013759	tumor	tissue	noampwgs	ILMN	1	S9	na	s3://rcrf-h37-data/H37020/BostonGene/BG013759/WES-tumor-LH00344_A132_A22KYHKLT4_A1_1.fastq.gz	s3://rcrf-h37-data/H37020/BostonGene/BG013759/WES-tumor-LH00344_A132_A22KYHKLT4_A1_2.fastq.gz		/fsx/staged_sample_data/	na	FALSE	FALSE	1	1
	R1	H37020_BG013759	tumor	tissue	noampwgs	ILMN	2	S9	na	s3://rcrf-h37-data/H37020/BostonGene/BG013759/WES-tumor-LH00344_A132_A22KYHKLT4_A2_1.fastq.gz	s3://rcrf-h37-data/H37020/BostonGene/BG013759/WES-tumor-LH00344_A132_A22KYHKLT4_A2_2.fastq.gz		/fsx/staged_sample_data/	na	FALSE	FALSE	1	1
	R1	H37020_BG013759	tumor	tissue	noampwgs	ILMN	3	S9	na	s3://rcrf-h37-data/H37020/BostonGene/BG013759/WES-tumor-LH00344_A132_A22KYHKLT4_A3_1.fastq.gz	s3://rcrf-h37-data/H37020/BostonGene/BG013759/WES-tumor-LH00344_A132_A22KYHKLT4_A3_2.fastq.gz		/fsx/staged_sample_data/	na	FALSE	FALSE	1	1
	R1	H37020_BG013759	tumor	tissue	noampwgs	ILMN	4	S9	na	s3://rcrf-h37-data/H37020/BostonGene/BG013759/WES-tumor-LH00344_A132_A22KYHKLT4_A4_1.fastq.gz	s3://rcrf-h37-data/H37020/BostonGene/BG013759/WES-tumor-LH00344_A132_A22KYHKLT4_A4_2.fastq.gz		/fsx/staged_sample_data/	na	FALSE	FALSE	1	1
	R1	H37020_BG013759	tumor	tissue	noampwgs	ILMN	5	S9	na	s3://rcrf-h37-data/H37020/BostonGene/BG013759/WES-tumor-LH00344_A132_A22KYHKLT4_A5_1.fastq.gz	s3://rcrf-h37-data/H37020/BostonGene/BG013759/WES-tumor-LH00344_A132_A22KYHKLT4_A5_2.fastq.gz		/fsx/staged_sample_data/	na	FALSE	FALSE	1	1
	R1	H37020_BG013759	tumor	tissue	noampwgs	ILMN	6	S9	na	s3://rcrf-h37-data/H37020/BostonGene/BG013759/WES-tumor-LH00344_A132_A22KYHKLT4_A6_1.fastq.gz	s3://rcrf-h37-data/H37020/BostonGene/BG013759/WES-tumor-LH00344_A132_A22KYHKLT4_A6_2.fastq.gz		/fsx/staged_sample_data/	na	FALSE	FALSE	1	1
	R1	H37020_BG013759	tumor	tissue	noampwgs	ILMN	7	S9	na	s3://rcrf-h37-data/H37020/BostonGene/BG013759/WES-tumor-LH00344_A132_A22KYHKLT4_A7_1.fastq.gz	s3://rcrf-h37-data/H37020/BostonGene/BG013759/WES-tumor-LH00344_A132_A22KYHKLT4_A7_2.fastq.gz		/fsx/staged_sample_data/	na	FALSE	FALSE	1	1
	R1	H37020_BG013759	tumor	tissue	noampwgs	ILMN	8	S9	na	s3://rcrf-h37-data/H37020/BostonGene/BG013759/WES-tumor-LH00344_A132_A22KYHKLT4_A8_1.fastq.gz	s3://rcrf-h37-data/H37020/BostonGene/BG013759/WES-tumor-LH00344_A132_A22KYHKLT4_A8_2.fastq.gz		/fsx/staged_sample_data/	na	FALSE	FALSE	1	1